Variant	Has_LoF	Has_Missense	Final_Class
6:41159805:G:A	0	1	Missense
6:41158820:C:T	0	0	Neither
6:41154236:T:C	0	0	Neither
6:41161515:G:A	0	1	Missense
6:41159867:C:T	0	1	Missense
6:41158875:G:A	0	1	Missense
6:41161537:G:C	0	1	Missense
6:41154298:G:A	0	0	Neither
6:41154011:C:G	0	0	Neither
6:41161366:C:A	0	0	Neither
6:41159845:G:A	0	0	Neither
6:41159107:C:T	1	0	LoF
6:41159063:G:C	0	1	Missense
6:41158917:A:G	0	1	Missense
6:41158691:C:T	1	0	LoF
6:41153903:C:T	0	0	Neither
6:41163030:G:A	0	0	Neither
6:41153966:C:T	0	0	Neither
6:41153915:C:T	0	0	Neither
6:41161514:C:T	0	1	Missense
6:41159875:C:A	0	0	Neither
6:41159823:C:T	0	1	Missense
6:41159868:G:A	0	1	Missense
6:41159780:C:A	0	0	Neither
6:41161557:G:A	1	1	LoF
6:41161470:G:A	0	1	Missense
6:41158608:C:A	0	1	Missense
6:41161395:C:T	0	1	Missense
6:41159763:C:T	0	0	Neither
6:41158881:G:A	0	1	Missense
6:41158768:G:A	0	1	Missense
6:41158657:C:A	0	1	Missense
6:41153907:C:T	0	0	Neither
